variable,count,mean,std,min,25%,50%,75%,max,original
dummy1,1000.0,-2.6773398900381025e-05,0.010354281497511672,-0.0330482328276875,-0.0070076563730481255,-0.0004153260146926,0.006857009245117125,0.0320353577417842,0.0053417756925597
dummy2,1000.0,-0.00041264618787238737,0.010340684855317717,-0.0316611179209055,-0.007376460652009825,-0.0002620105740005,0.0064835602421803255,0.036594166679718,0.0004464288994294
x1,1000.0,0.13317318271757517,3.0614770108418816,-8.965447520582808,-1.9091768802250797,0.14388360902469627,2.0836464464704503,28.204654186848693,28.204654186848693
x2,1000.0,0.1548424542891276,7.778537356453158,-26.330817826322694,-5.232707842501961,0.33895459504073155,5.446373367964837,75.04990409953143,75.04990409953143
x3,1000.0,-0.04660994763021086,1.8666109711604002,-6.088837515612989,-1.2541055352390704,-0.07052563177724025,1.1969837421137197,17.75331167853056,17.75331167853056
